Workbook

Sheet Instructions
A1: Verification of the split-cluster validation codes (Section 6 of the manuscript)
A3: Each row of sheet Clusters is one same-day split cluster: one buying unit, one vendor, one signing day, two or more contracts of at most THB 500,000 summing to THB 0.5–2 million. Vendor names are withheld (PDPA).
A4: Column 'proposed code' holds the code assigned in preparing the manuscript. Read the project names and enter your own code in the yellow column 'verified code' (A, B or C); add a note when you disagree.
A5: Example: cluster 2558-001 lists three orders of concrete poles of different sizes from the same vendor on one day → A if you judge them one purchase divided, B if separate needs.
A6: Sheet Summary counts the codes by period from both columns and the share of rows where they agree; its figures update as you fill in the verified codes.
A8: Code | B8: Meaning
A9: A | B9: One purchase divided: the same item or the same type of work bought in two or more contracts (e.g., concrete roads in several villages, diesel in several orders, one drug in several orders).
A10: B | B10: Separate needs: different items or works only, which happen to share a vendor and a signing day.
A11: C | B11: Cannot tell: project names too generic to decide.

Sheet Clusters
A1: cluster | B1: period | C1: agency | D1: contracts | E1: total THB | F1: project names [agreed price, THB] | G1: proposed code | H1: verified code | I1: note
A2: 2558-001 | B2: pre (FY2015) | C2: การไฟฟ้าส่วนภูมิภาค | D2: 3 | E2: 723490 | F2: 1. ซื้อรหัสวัสดุ 1-00-001-0001 ชื่อ เสา คอร.ขนาด 8 เมตร ราคากลาง 1,650 บาท วงเงินประมาณการ 292,050 บาท งานงบลงทุน ปี 2558 (คฟม.) WBS P-NHE00.0-C-LBRXX.2000 โดยวิธีตกลงราคา [291,165] 2. ซื้อรหัสวัสดุ 1-00-001-0001 ชื่อ เสา คอร.ขนาด 8 เมตร ราคากลาง 1,650 บาท วงเงินประมาณการ 239,250 บาท งานงบลงทุน ปี 2558 (คฟก.) WBS P-RHE00.0-C-LBRXX.2000 โดยวิธีตกลงราคา [238,525] 3. ซื้อรหัสวัสดุ 1-00-001-0004 ชื่อ เสา คอร.ขนาด 12 เมตร ราคากลาง 4,850 บาท วงเงินประมาณการ 194,000 บาท งานงบผู้ใช้ไฟ ปี 2558 WBS C-58-C-LBRBG.2000 โดยวิธีตกลงราคา [193,800] | G2: A
A3: 2558-002 | B3: pre (FY2015) | C3: โรงพยาบาลลำปาง | D3: 16 | E3: 1218147 | F3: 1. ซื้อdonepezil 10 mg tablet, 30*28 tablet (51.99.99.99 -249303) โดยวิธีตกลงราคา [98,386] 2. ซื้อวัสดุอุปกรณ์ที่ใช้ในโรงพยาบาล (30.22.24.00 ) COLOSTOMY BAG ขนาด 50 mm. 1 รายการ จำนวน 65 กล่อง โดยวิธีตกลงราคา [97,370] 3. ซื้อbrinzolamide 10 mg/1 mL eye drops, suspension, 5 mL 250 bottle (51.99.99.99 -780397) โดยวิธีตกลงราคา [96,835] 4. ซื้อbrinzolamide 10 mg/1 mL eye drops, suspension, 5 mL 250 bottle (51.99.99.99 -780397) โดยวิธีตกลงราคา [96,835] 5. ซื้อamino acids + electrolytes + lipids solution for infusion, 1.44 L 120 bag (51.99.99.99 -677109) โดยวิธีตกลงราคา [96,300] 6. ซื้อsodium hyaluronate 180 mg/100 mL eye drops, solution, 300 mcL 100*60 unit dose (51.99.99.99 -744954) โดยวิธีตกลงราคา [96,086] 7. ซื้ออุปกรณ์ต่างๆ เกี่ยวกับกระบอกฉีดยา (42.14.26.15 ) เวชภัณฑ์ที่มิใช่ยา (DIS.SYRINGE) 2 รายการ จำนวน 1 งาน โดยวิธีตกลงราคา [95,684] 8. ซื้อrabbit anti-human thymocyte immunoglobulin 25 mg powder for solution for injection, 25 mg 10 vial (51.99.99.99 -208319) โดยวิธีตกลงราคา [92,000] 9. ซื้อrabbit anti-human thymocyte immunoglobulin 25 mg powder for solution for injection, 25 mg 10 vial (51.99.99.99 -208319) โดยวิธีตกลงราคา [92,000] 10. ซื้อbortezomib 1 mg powder for solution for injection, 4 vial (51.99.99.99 -675088) โดยวิธีตกลงราคา [84,102] 11. ซื้อวัสดุอุปกรณ์ที่ใช้ในโรงพยาบาล (30.22.24.00 ) เวชภัณฑ์ที่มิใช่ยา 2 รายการ จำนวน 1 งาน โดยวิธีตกลงราคา [72,760] 12. ซื้อrituximab 10 mg/1 mL concentrate for solution for infusion, 50 mL 1 vial (51.99.99.99 -653160) โดยวิธีตกลงราคา [60,455] 13. ซื้อrituximab 10 mg/1 mL concentrate for solution for infusion, 50 mL 1 vial (51.99.99.99 -653160) โดยวิธีตกลงราคา [60,455] 14. ซื้ออุปกรณ์ ชิ้นส่วนและเครื่องอุปกรณ์ในการหล่อเฝือก (42.24.16.00 ) เฝือกสี 3 รายการ จำนวน 1 งาน โดยวิธีตกลงราคา [49,239] 15. จ้างซ่อมครุภัณฑ์วิทยาศาสตร์การแพทย์ 4 รายการ โดยวิธีตกลงราคา [17,441] 16. ซื้ออาหารเสริม 1 รายการ โดยวิธีตกลงราคา [12,198] | G3: A
A4: 2558-003 | B4: pre (FY2015) | C4: โรงพยาบาลธรรมศาสตร์เฉลิมพระเกียรติ | D4: 9 | E4: 740128 | F4: 1. ซื้อซื้อยา(ภ.1025-2557) โดยวิธีตกลงราคา [337,718] 2. ซื้อซื้อยา (ภ.1243-2558) โดยวิธีตกลงราคา [148,317] 3. ซื้อวัสดุวิทยาศาสตร์หรือการแพทย์ จำนวน 1 รายการ โดยวิธีตกลงราคา [54,570] 4. ซื้อวัสดุวิทยาศาสตร์หรือการแพทย์ จำนวน 11 รายการ โดยวิธีตกลงราคา [44,512] 5. ซื้อวัสดุวิทยาศาสตร์หรือการแพทย์ จำนวน 8 รายการ โดยวิธีตกลงราคา [41,730] 6. ซื้อวัสดุวิทยาศาสตร์หรือการแพทย์ จำนวน 8 รายการ โดยวิธีตกลงราคา [41,730] 7. ซื้อParietex Comp 30x20cm W THR จำนวน 1 กล่อง โดยวิธีตกลงราคา [29,960] 8. ซื้อPDB Balloon (Round Shape) จำนวน 5 ชิ้น โดยวิธีตกลงราคา [28,751] 9. ซื้อV-LOC 180 Device จำนวน 2 รายการ โดยวิธีตกลงราคา [12,840] | G4: C
A5: 2558-004 | B5: pre (FY2015) | C5: โรงพยาบาลอุตรดิตถ์ | D5: 13 | E5: 710833 | F5: 1. ซื้อยา Methylprednisolone sod succinate inj.-1gm (51.99.99.99 -569170) โดยวิธีตกลงราคา [99,810] 2. ซื้อยา Venlafaxine HCl extended release cap-75mg (51.99.99.99 -320641) แพค 28 เม็ด โดยวิธีตกลงราคา [91,613] 3. ซื้อยา Glucose+electrolye(GE-2)-600ml (51.99.99.99 -677726) และ Intravenous Amino acid solution-10%-500ml (51.99.99.99 -729921) โดยวิธีตกลงราคา [91,464] 4. ซื้อยา Rabies vaccine inj (51.99.99.99 -668418) โดยวิธีตกลงราคา [86,670] 5. ซื้อยา Tigecycline inj-50mg (51.99.99.99 -662088) โดยวิธีตกลงราคา [83,888] 6. ซื้อยา RtPA-50mg (Alteplase) (51.99.99.99 -654726) โดยวิธีตกลงราคา [83,460] 7. ซื้อยา Insulin Aspart Biphasic 30-100iu/ml-3ml (51.99.99.99 -660150) กล่อง5 หลอด โดยวิธีตกลงราคา [36,380] 8. ซื้อวัสดุการแพทย์ Peritoneal Dialysis ชนิด ultrabag glucose-1.5%,2 lit/bag Low calcium (51.99.99.99 -796220), Peritoneal Dialysis ชนิด ultrabag glucose-2.5%,2 lit/bag Low calcium (51.99.99.99 -796368) และ PERITONEAL DIALYSIS SOLUTION+7.5% ICODEXTRIN (51.99.99.99 -813427) โดยวิธีตกลงราคา [35,310] 9. ซื้อยา Mesalazine tab-500mg (51.99.99.99 -436823) กล่อง100 เม็ด โดยวิธีตกลงราคา [34,347] 10. ซื้อยา Aripiprazole orally Disintegrating tab-15mg (51.99.99.99 -227686) กล่อง30 เม็ด โดยวิธีตกลงราคา [24,075] 11. ซื้อยา Levobupivacaine inj-0.5%-10ml (51.99.99.99 -803452) กล่อง10 หลอด โดยวิธีตกลงราคา [19,795] 12. ซื้อยา Ropinirole prolonged release tab-2 mg(51.99.99.99 -425413) กล่อง28 เม็ด โดยวิธีตกลงราคา [17,976] 13. ซื้อยา Hydralazine HCl inj-20mg/AMP (51.99.99.99 -763995) กล่อง5 หลอด โดยวิธีตกลงราคา [6,046] | G5: B
A6: 2558-005 | B6: pre (FY2015) | C6: โรงพยาบาลพหลพลพยุหเสนา | D6: 7 | E6: 597308 | F6: 1. ซื้อezetimibe 10 mg film-coated tablet, 1 tablet (51.99.99.99 -203657) โดยวิธีตกลงราคา [99,992] 2. ซื้ออาหารเสริมทดแทนและผลิตภัณฑ์ด้านโภชนาการบำบัด (51.19.19.00 ) โดยวิธีตกลงราคา [97,789] 3. ซื้อsevoflurane 1 mL/1 mL inhalation vapour, liquid, 250 mL bottle (51.99.99.99 -755332) โดยวิธีตกลงราคา [96,300] 4. ซื้อยาแก้ปวดและแก้ไขแบบไม่เสพติด (51.14.20.00 ) โดยวิธีตกลงราคา [94,534] 5. ซื้อpyridostigmine 60 mg coated tablet, 1 tablet (51.99.99.99 -647777)120 เม็ด โดยวิธีตกลงราคา [88,853] 6. ซื้อalteplase 50 mg powder and solvent for solution for injection/infusion, 1 vial (51.99.99.99 -654726) โดยวิธีตกลงราคา [83,460] 7. ซื้อphenytoin 50 mg chewable tablet, 1 tablet (51.99.99.99 -313328) 250 เม็ด โดยวิธีตกลงราคา [36,380] | G6: B
A7: 2558-006 | B7: pre (FY2015) | C7: โรงพยาบาลบ้านแพ้ว (องค์การมหาชน) | D7: 30 | E7: 1300931 | F7: 1. ซื้อยาจำนวน 1 รายการ(PO5802/035) โดยวิธีตกลงราคา [99,510] 2. ซื้อเวชภัณฑ์ยา 1 รายการ (P05802/006) โดยวิธีตกลงราคา [99,237] 3. ซื้อยาจำนวน 1 รายการ(PO5802/024) โดยวิธีตกลงราคา [95,498] 4. ซื้อเวชภัณฑ์ยา 1 รายการ (P05802/047) โดยวิธีตกลงราคา [90,965] 5. ซื้อเวชภัณฑ์ยา จำนวน1รายการ (PO5802/047) โดยวิธีตกลงราคา [90,965] 6. ซื้อยาจำนวน 1 รายการ(PO5802/040) โดยวิธีตกลงราคา [87,569] 7. ซื้อเวชภัณฑ์ยา 1 รายการ (P05802/049) โดยวิธีตกลงราคา [87,453] 8. ซื้อยาจำนวน 1 รายการ(PO5802/043) โดยวิธีตกลงราคา [72,225] 9. ซื้อเวชภัณฑ์ยา 1 รายการ (P05802/046) โดยวิธีตกลงราคา [70,620] 10. ซื้อเวชภัณฑ์ยา 1 รายการ (P05802/051) โดยวิธีตกลงราคา [60,722] 11. ซื้อยาจำนวน 2 รายการ(PO5802/031) โดยวิธีตกลงราคา [51,232] 12. ซื้อยาจำนวน 1 รายการ(PO5802/023) โดยวิธีตกลงราคา [44,105] 13. ซื้อยาจำนวน 1 รายการ(PO5802/026) โดยวิธีตกลงราคา [39,322] 14. ซื้อยาจำนวน 1 รายการ(PO5802/008) โดยวิธีตกลงราคา [38,135] 15. ซื้อวัสดุการแพทย์ 1 รายการ (P65802/015) โดยวิธีตกลงราคา [35,717] 16. ซื้อเวชภัณฑ์ยา จำนวน1รายการ (PO5802/017) โดยวิธีตกลงราคา [34,775] 17. ซื้อเวชภัณฑ์ยา 1 รายการ (P05802/058) โดยวิธีตกลงราคา [32,207] 18. ซื้อยาจำนวน 1 รายการ(PO5802/037) โดยวิธีตกลงราคา [25,038] 19. ซื้อวัสดุการแพทย์ 1 รายการ (P65802/018) โดยวิธีตกลงราคา [18,326] 20. ซื้อวัสดุการแพทย์ 2 รายการ (P65802/019) โดยวิธีตกลงราคา [15,300] 21. ซื้อวัสดุการแพทย์ 1 รายการ (P65802/017) โดยวิธีตกลงราคา [15,300] 22. ซื้อวัสดุการแพทย์ 1 รายการ (P65802/016) โดยวิธีตกลงราคา [15,300] 23. ซื้อยาจำนวน 1 รายการ(PO5802/013) โดยวิธีตกลงราคา [15,269] 24. ซื้อยาจำนวน 1 รายการ(PO5802/041) โดยวิธีตกลงราคา [11,850] 25. ซื้อยาจำนวน 1 รายการ(PO5802/042) โดยวิธีตกลงราคา [11,556] 26. ซื้อวัสดุการแพทย์ 1 รายการ (P65802/022) โดยวิธีตกลงราคา [10,700] 27. ซื้อยาจำนวน 1 รายการ(PO5802/028) โดยวิธีตกลงราคา [9,694] 28. ซื้อเวชภัณฑ์ยา 1 รายการ (P55802/001) โดยวิธีตกลงราคา [9,502] 29. ซื้อยาจำนวน 1 รายการ(PO5802/012) โดยวิธีตกลงราคา [6,741] 30. ซื้อยาจำนวน 1 รายการ(PO5802/038) โดยวิธีตกลงราคา [6,099] | G7: C
A8: 2558-007 | B8: pre (FY2015) | C8: กรมชลประทาน | D8: 10 | E8: 988450 | F8: 1. ซื้ออะไหล่รถยนต์ ชป.022-1085 รวม 16 รายการ โดยวิธีตกลงราคา [100,000] 2. ซื้ออะไหล่รถยนต์ ชป.041-4185 รวม 17 รายการ โดยวิธีตกลงราคา [100,000] 3. ซื้ออะไหล่รถยนต์ ชป.042-0370 รวม 13 รายการ โดยวิธีตกลงราคา [100,000] 4. ซื้อกล่องใส่เอกสาร และอื่นๆ รวม 32 รายการ โดยวิธีตกลงราคา [99,700] 5. ซื้อเชือกฟาง และอื่น ๆ รวม 42 รายการ โดยวิธีตกลงราคา [99,650] 6. ซื้อถุงมือผ้าไนล่อน และอื่นๆ รวม 21 รายการ โดยวิธีตกลงราคา [99,250] 7. ซื้อเชือกป่าน (มนิลา) และอื่นๆ รวม 23 รายการ โดยวิธีตกลงราคา [98,800] 8. ซื้อตะไบขนาด 12 นิ้ว และอื่น ๆ รวม 32 รายการ โดยวิธีตกลงราคา [98,350] 9. ซื้อลวดผูกเหล็กเบอร์ 18 และอื่น ๆ รวม 29 รายการ โดยวิธีตกลงราคา [96,700] 10. ซื้อพลั่วเหล็กปลายตัด และอื่น ๆ รวม 23 รายการ โดยวิธีตกลงราคา [96,000] | G8: A
A9: 2558-008 | B9: pre (FY2015) | C9: กรุงเทพมหานคร | D9: 2 | E9: 522866 | F9: 1. สอบราคาซื้อSalbutamol sulfate 100 mcg./puff inhaler (200 doses) [428,000] 2. ซื้อเวชภัณฑ์ 1 รายการ โดยวิธีตกลงราคา [94,866] | G9: B
A10: 2558-009 | B10: pre (FY2015) | C10: กรมชลประทาน | D10: 11 | E10: 670785 | F10: 1. ซื้อบุ้งกี๋พลาสติกและอื่น ๆ โดยวิธีตกลงราคา [99,555] 2. ซื้อสายยางและอื่น ๆ โดยวิธีตกลงราคา [98,605] 3. ซื้อสายยางและอื่น ๆ โดยวิธีตกลงราคา [66,465] 4. ซื้อสายยางและอื่น ๆ โดยวิธีตกลงราคา [64,740] 5. ซื้อสายยางพลาสติกและอื่น ๆ โดยวิธีตกลงราคา [59,715] 6. ซื้อสายยางพลาสติกและอื่น ๆ โดยวิธีตกลงราคา [59,715] 7. ซื้อสายยางพลาสติกและอื่น ๆ โดยวิธีตกลงราคา [57,995] 8. ซื้อสายยางและอื่น ๆ โดยวิธีตกลงราคา [56,535] 9. ซื้อสายยางพลาสติกและอื่น ๆ โดยวิธีตกลงราคา [56,135] 10. ซื้อไม้กวาดดอกหญ้าและอื่น ๆ โดยวิธีตกลงราคา [32,300] 11. ซื้อถุงมือยางและอื่น ๆ โดยวิธีตกลงราคา [19,025] | G10: A
A11: 2558-010 | B11: pre (FY2015) | C11: องค์การบริหารส่วนตำบลห้วยโจด | D11: 9 | E11: 840000 | F11: 1. จ้างขยายเขตประปา คุ้มหนองกุง-ไปหนองไฮ บ้านเสาสูง หมู่ที่ 5 ตำบลห้วยโจด อำเภอวัฒนานคร จังหวัดสระแก้ว โดยวิธีตกลงราคา [99,000] 2. จ้างวางท่อระบายน้ำถนนกลางหมู่บ้าน บ้านบ่อนางชิง หมู่ที่ 4 ตำบลห้วยโจด อำเภอวัฒนานคร จังหวัดสระแก้ว โดยวิธีตกลงราคา [99,000] 3. จ้างซ่อมแซมถนนลูกรังทั้งหมู่บ้าน บ้านห้วยโจด หมู่ที่ 1 ตำบลห้วยโจด อำเภอวัฒนานคร จังหวัดสระแก้ว โดยวิธีตกลงราคา [99,000] 4. จ้างซ่อมแซมถนนลูกรังทั้งหมู่บ้าน บ้านบ่อนางชิง หมู่ที่4 ตำบลห้วยโจด อำเภอวัฒนานคร จังหวัดสระแก้ว โดยวิธีตกลงราคา [99,000] 5. จ้างซ่อมแซมถนนลูกรังทั้งหมู่บ้าน บ้านคลองยาง หมู่ที่ 3 ตำบลห้วยโจด อำเภอวัฒนานคร จังหวัดสระแก้ว โดยวิธีตกลงราคา [96,000] 6. จ้างซ่อมแซมถนนลูกรังทั้งหมู่บ้าน บ้านน้อยสนามบิน หมู่ที่ 6 ตำบลห้วยโจด อำเภอวัฒนานคร จังหวัดสระแก้ว โดยวิธีตกลงราคา [96,000] 7. จ้างซ่อมแซมถนนลูกรังทั้งหมู่บ้าน บ้านหนองป่าหมาก หมู่ที่ 2 ตำบลห้วยโจด อำเภอวัฒนานคร จังหวัดสระแก้ว โดยวิธีตกลงราคา [96,000] 8. จ้างซ่อมแซมถนนลูกรังทั้งหมู่บ้าน บ้านเสาสูง หมู่ที่5 ตำบลห้วยโจด อำเภอวัฒนานคร จังหวัดสระแก้ว โดยวิธีตกลงราคา [84,000] 9. จ้างซ่อมแซมถนนลูกรังทั้งหมู่บ้าน บ้านเนินพัฒนา หมู่ที่ 7 ตำบลห้วยโจด อำเภอวัฒนานคร จังหวัดสระแก้ว โดยวิธีตกลงราคา [72,000] | G11: A
A12: 2558-011 | B12: pre (FY2015) | C12: เทศบาลตำบลทุ่งกระบือ | D12: 2 | E12: 506000 | F12: 1. สอบราคาจ้างโครงการปรับปรุงซ่อมแซมระบบประปาหมู่บ้าน (งานปรับปรุงขยายเขตท่อเมนระบบประปา บ้านทุ่งตะเซะ หมู่ที่ ๙, งานปรับปรุงขยายเขตท่อเมนระบบประปา บ้านทุ่งรวงทอง หมู่ที่ ๘) ตำบลทุ่งกระบือ อำเภอย่านตาขาว จังหวัดตรัง รายละเอียดปริมาณงานตามรูปแบบรายการที่เทศบาลฯ กำหนด [263,000] 2. สอบราคาจ้างโครงการก่อสร้าง/ปรับปรุงระบบประปาหมู่บ้าน บ้านคลองปะเหลียน หมู่ที่ ๒ ตำบลทุ่งกระบือ อำเภอย่านตาขาว จังหวัดตรัง รายละเอียดปริมาณงานตามรูปแบบรายการที่เทศบาลฯ กำหนด [243,000] | G12: A
A13: 2558-012 | B13: pre (FY2015) | C13: การไฟฟ้าฝ่ายผลิตแห่งประเทศไทย | D13: 2 | E13: 619478 | F13: 1. สอบราคาซื้อสายไฟฟ้าอุปกรณ์ จำนวน 6 รายการ (1000124043) [355,754] 2. สอบราคาซื้อสาย THW จำนวน 2 รายการ (1000127191) [263,725] | G13: A
... A201: 2568-025 | B201: post-Act | C201: เทศบาลตำบลกะทูน | D201: 2 | E201: 998000 | F201: 1. จ้างซ่อมแซมถนนสายห้วยกำ ระหว่าง กม. 0+000 - กม. 2.+479 ตัดคันทางลึก 0.20 เมตร กว้าง 5 เมตร ระยะทางยาว 2,479 เมตร หมู่ที่ 7 ตำบลกะทูน อำเภอพิปูน จังหวัดนครศรีธรมราช โดยวิธีเฉพาะเจาะจง [499,000] 2. จ้างซ่อมแซมถนนสายห้วยหมื่นสี่ ระหว่าง กม.3+220 - กม.5+699 ตัดคันทางลึก 0.20 ผิวทางกว้าง 5 เมตร ระยะทางยาว 2,479 เมตร หมู่ที่ 7 ตำบลกะทูน อำเภอพิปูน จังหวัดนครศรีธรรมราช โดยวิธีเฉพาะเจาะจง [499,000] | G201: A

Sheet Summary
A1: period | B1: code | C1: proposed | D1: verified | E1: verified share
A2: pre (FY2015) | B2: A | C2: =COUNTIFS(Clusters!$B$2:$B$201,$A2,Clusters!$G$2:$G$201,$B2) | D2: =COUNTIFS(Clusters!$B$2:$B$201,$A2,Clusters!$H$2:$H$201,$B2) | E2: =IFERROR(D2/SUMIFS($D$2:$D$7,$A$2:$A$7,$A2),"")
A3: pre (FY2015) | B3: B | C3: =COUNTIFS(Clusters!$B$2:$B$201,$A3,Clusters!$G$2:$G$201,$B3) | D3: =COUNTIFS(Clusters!$B$2:$B$201,$A3,Clusters!$H$2:$H$201,$B3) | E3: =IFERROR(D3/SUMIFS($D$2:$D$7,$A$2:$A$7,$A3),"")
A4: pre (FY2015) | B4: C | C4: =COUNTIFS(Clusters!$B$2:$B$201,$A4,Clusters!$G$2:$G$201,$B4) | D4: =COUNTIFS(Clusters!$B$2:$B$201,$A4,Clusters!$H$2:$H$201,$B4) | E4: =IFERROR(D4/SUMIFS($D$2:$D$7,$A$2:$A$7,$A4),"")
A5: post-Act | B5: A | C5: =COUNTIFS(Clusters!$B$2:$B$201,$A5,Clusters!$G$2:$G$201,$B5) | D5: =COUNTIFS(Clusters!$B$2:$B$201,$A5,Clusters!$H$2:$H$201,$B5) | E5: =IFERROR(D5/SUMIFS($D$2:$D$7,$A$2:$A$7,$A5),"")
A6: post-Act | B6: B | C6: =COUNTIFS(Clusters!$B$2:$B$201,$A6,Clusters!$G$2:$G$201,$B6) | D6: =COUNTIFS(Clusters!$B$2:$B$201,$A6,Clusters!$H$2:$H$201,$B6) | E6: =IFERROR(D6/SUMIFS($D$2:$D$7,$A$2:$A$7,$A6),"")
A7: post-Act | B7: C | C7: =COUNTIFS(Clusters!$B$2:$B$201,$A7,Clusters!$G$2:$G$201,$B7) | D7: =COUNTIFS(Clusters!$B$2:$B$201,$A7,Clusters!$H$2:$H$201,$B7) | E7: =IFERROR(D7/SUMIFS($D$2:$D$7,$A$2:$A$7,$A7),"")
A9: rows verified | D9: =COUNTA(Clusters!$H$2:$H$201)
A10: rows where verified = proposed | D10: =SUMPRODUCT((Clusters!$H$2:$H$201<>"")*(Clusters!$H$2:$H$201=Clusters!$G$2:$G$201))
A11: agreement | D11: =IFERROR(D10/D9,"")
